<?xml version="1.0" encoding="utf-8"?>
<!DOCTYPE urlrewrite PUBLIC "-//tuckey.org//DTD UrlRewrite 3.2//EN" "http://tuckey.org/res/dtds/urlrewrite3.2.dtd">
 <!--
 
    Configuration file for UrlRewriteFilter
    http://tuckey.org/urlrewrite/
 
-->
<urlrewrite>
	<rule>
		<note>
			Allow TomCat to have SES links.
		</note>
		<!--
			If our URI ends with one of these extentions we will not perform
			a URL rewrite.
		-->
		<condition type="request-uri" operator="notequal">\.(bmp|gif|jpe?g|png|css|js|txt|pdf|doc|xls|xml|cfc|ico|php|asp)$</condition>
		<!--
			If any URI begins with one of these directories, we will not
			perform a rewrite. Helpful for running your unit tests or
			"blocking" rewrite for some directories.
		-->  
		<from>^/(?!trs|trr|cdn|src|railo-context|test|mxunit|remote)(.*)$</from>
		<!--<to>/index.cfm?$1</to>-->
		<to>/index.cfm/$1</to>
	</rule>
</urlrewrite>